<?xml version="1.0" encoding="UTF-8"?>
<folder exportedWithPermissions="true">
    <parent>/organizations/organization_1/themes/default</parent>
    <name>fonts</name>
    <label>fonts</label>
    <creationDate>2019-11-27T12:26:21.830-07:00</creationDate>
    <updateDate>2019-11-27T12:26:21.830-07:00</updateDate>
    <resource>operators.eot</resource>
    <resource>operators.svg</resource>
    <resource>operators.ttf</resource>
    <resource>operators.woff</resource>
    <resource>sourcesanspro-bold.ttf</resource>
    <resource>sourcesanspro-bold-webfont.woff</resource>
    <resource>sourcesanspro-bold-webfont.woff2</resource>
    <resource>sourcesanspro-regular.ttf</resource>
    <resource>sourcesanspro-regular-webfont.woff</resource>
    <resource>sourcesanspro-regular-webfont.woff2</resource>
    <resource>sourcesanspro-semibold.ttf</resource>
    <resource>sourcesanspro-semibold-webfont.woff</resource>
    <resource>sourcesanspro-semibold-webfont.woff2</resource>
</folder>
