<?xml version="1.0" encoding="UTF-8"?>
<fileResource exportedWithPermissions="true" dataFile="supermart_de.properties.data">
    <folder>/organizations/organization_1/supermart/Common</folder>
    <name>supermart_de.properties</name>
    <version>0</version>
    <label>supermart_de.properties</label>
    <description>German resource bundle</description>
    <creationDate>2019-11-27T12:27:58.000-07:00</creationDate>
    <updateDate>2019-11-27T12:27:58.000-07:00</updateDate>
    <fileType>prop</fileType>
</fileResource>
