<?xml version="1.0" encoding="UTF-8"?>
<fileResource exportedWithPermissions="true" dataFile="FoodmartMultiVariableNoTopGrant.data">
    <folder>/organizations/organization_1/analysis/schemas</folder>
    <name>FoodmartMultiVariableNoTopGrant</name>
    <version>0</version>
    <label>Foodmart Multi Variable Grant with no top level</label>
    <description>ANALYSIS Foodmart Multi Variable Grant. Has no top</description>
    <creationDate>2018-07-10T21:49:20.000-07:00</creationDate>
    <updateDate>2018-07-10T21:49:20.000-07:00</updateDate>
    <fileType>accessGrantSchema</fileType>
</fileResource>
