<?xml version="1.0" encoding="UTF-8"?>
<folder exportedWithPermissions="true">
    <parent>/organizations/organization_1</parent>
    <name>datasources</name>
    <label>Data Sources</label>
    <description>Data Sources used by reports</description>
    <creationDate>2018-07-10T22:23:50.751-07:00</creationDate>
    <updateDate>2018-07-10T22:23:50.751-07:00</updateDate>
    <resource>JServerJdbcDS</resource>
    <resource>JServerJNDIDS</resource>
    <resource>repositoryDS</resource>
    <resource>SugarFoodmartVDS</resource>
    <permission>
        <permissionMask>32</permissionMask>
        <recipient recipientType="role">ROLE_USER</recipient>
    </permission>
</folder>
