<?xml version="1.0" encoding="UTF-8"?>
<fileResource exportedWithPermissions="true" dataFile="glyph_icons_sprite-responsive.svg.data">
    <folder>/organizations/organization_1/themes/default/jasper-ui/images</folder>
    <name>glyph_icons_sprite-responsive.svg</name>
    <version>0</version>
    <label>glyph_icons_sprite-responsive.svg</label>
    <creationDate>2018-07-10T21:48:49.000-07:00</creationDate>
    <updateDate>2018-07-10T21:48:49.000-07:00</updateDate>
    <fileType>img</fileType>
</fileResource>
