<?xml version="1.0" encoding="UTF-8"?>
<semanticLayerDataSource exportedWithPermissions="true">
    <folder>/public/audit/domains</folder>
    <name>AuditArchiveDomain</name>
    <version>0</version>
    <label>Audit Archive Domain</label>
    <description>Use this domain to build audit archive reports</description>
    <creationDate>2018-07-10T21:47:31.000-07:00</creationDate>
    <updateDate>2018-07-10T21:47:31.000-07:00</updateDate>
    <schema>
        <localResource
            xmlns:xsi="http://www.w3.org/2001/XMLSchema-instance"
            exportedWithPermissions="false"
            dataFile="AuditArchiveDomain_schema.data" xsi:type="fileResource">
            <folder>/public/audit/domains/AuditArchiveDomain_files</folder>
            <name>AuditArchiveDomain_schema</name>
            <version>0</version>
            <label>AuditArchiveDomain_schema</label>
            <description>AuditArchiveDomain_schema</description>
            <creationDate>2018-07-10T21:47:31.000-07:00</creationDate>
            <updateDate>2018-07-10T21:47:31.000-07:00</updateDate>
            <fileType>xml</fileType>
        </localResource>
    </schema>
    <dataSource>
        <alias>AuditDataSource</alias>
        <dataSourceReference>
            <uri>/public/audit/datasources/AuditDataSource</uri>
        </dataSourceReference>
    </dataSource>
    <bundle>
        <localeStr></localeStr>
        <bundle>
            <localResource
                xmlns:xsi="http://www.w3.org/2001/XMLSchema-instance"
                exportedWithPermissions="false"
                dataFile="audit_archive_schema.properties.data" xsi:type="fileResource">
                <folder>/public/audit/domains/AuditArchiveDomain_files</folder>
                <name>audit_archive_schema.properties</name>
                <version>0</version>
                <label>audit_archive_schema.properties</label>
                <creationDate>2018-07-10T21:47:31.000-07:00</creationDate>
                <updateDate>2018-07-10T21:47:31.000-07:00</updateDate>
                <fileType>prop</fileType>
            </localResource>
        </bundle>
    </bundle>
</semanticLayerDataSource>
