<?xml version="1.0" encoding="UTF-8"?>
<folder exportedWithPermissions="true">
    <parent>/organizations/organization_1/themes/default/jasper-ui</parent>
    <name>images</name>
    <label>images</label>
    <creationDate>2018-07-10T21:46:59.000-07:00</creationDate>
    <updateDate>2018-07-10T21:46:59.000-07:00</updateDate>
    <resource>button_action_icons_sprite.png</resource>
    <resource>chart-type-icon-sprite.svg</resource>
    <resource>column_header_bkgd.png</resource>
    <resource>control_icons_sprite.png</resource>
    <resource>glyph_icons_sprite.svg</resource>
    <resource>glyph_icons_sprite-responsive.svg</resource>
    <resource>icontrol_icons_sprite.png</resource>
    <resource>list_node_animation.gif</resource>
    <resource>message_sprite.png</resource>
    <resource>sizer_icons_sprite.png</resource>
    <resource>tiny_minus.png</resource>
    <resource>tiny_plus.png</resource>
    <resource>tree_icons_sprite_legacy.png</resource>
    <resource>tree_icons_sprite.png</resource>
</folder>
