<?xml version="1.0" encoding="UTF-8"?>
<jdbcDataSource exportedWithPermissions="true">
    <folder>/organizations/organization_1/datasources</folder>
    <name>JServerJdbcDS</name>
    <version>0</version>
    <label>JServer Jdbc Data Source</label>
    <description>JServer Jdbc Data Source</description>
    <creationDate>2019-11-27T12:27:50.684-07:00</creationDate>
    <updateDate>2019-11-27T12:27:50.684-07:00</updateDate>
    <driver>org.postgresql.Driver</driver>
    <connectionUrl>jdbc:postgresql://ci-catalogs-postgresql.jaspersoft.com:5432/sugarcrm</connectionUrl>
    <connectionUser>ci_agent</connectionUser>
    <connectionPassword>ENC&lt;4A5253495600000010E67BDCC53BA0CC14257CE42B7BEBD96367ABBB0A8261B3D97C67111E4EAB624D&gt;</connectionPassword>
</jdbcDataSource>
