<?xml version="1.0" encoding="UTF-8"?>
<fileResource exportedWithPermissions="true" dataFile="OpenSans-Regular-webfont.woff.data">
    <folder>/organizations/organization_1/themes/default/jasper-ui/fonts</folder>
    <name>OpenSans-Regular-webfont.woff</name>
    <version>0</version>
    <label>OpenSans-Regular-webfont.woff</label>
    <creationDate>2018-07-10T21:48:48.000-07:00</creationDate>
    <updateDate>2018-07-10T21:48:48.000-07:00</updateDate>
    <fileType>font</fileType>
</fileResource>
