<?xml version="1.0" encoding="UTF-8"?>
<fileResource exportedWithPermissions="true" dataFile="button_action_icons_sprite@1x.png.data">
    <folder>/organizations/organization_1/themes/default/images</folder>
    <name>button_action_icons_sprite@1x.png</name>
    <version>0</version>
    <label>button_action_icons_sprite@1x.png</label>
    <creationDate>2019-11-27T12:26:14.000-07:00</creationDate>
    <updateDate>2019-11-27T12:26:14.000-07:00</updateDate>
    <fileType>img</fileType>
</fileResource>
