<?xml version="1.0" encoding="UTF-8"?>
<adhocDataView exportedWithPermissions="true">
    <folder>/public/Samples/Ad_Hoc_Views</folder>
    <name>02__Sales_Mix_by_City</name>
    <version>0</version>
    <label>02. Sales Mix by City</label>
    <description>Sample Spider chart from Domain data source and multi-select filter</description>
    <creationDate>2019-11-27T12:28:06.450-07:00</creationDate>
    <updateDate>2019-08-28T17:31:18.484-07:00</updateDate>
    <dataSource>
        <uri>/public/Samples/Domains/supermartDomain</uri>
    </dataSource>
    <inputControl>
        <localResource
            xmlns:xsi="http://www.w3.org/2001/XMLSchema-instance"
            exportedWithPermissions="false" xsi:type="inputControl">
            <folder>/public/Samples/Ad_Hoc_Views/02__Sales_Mix_by_City_files</folder>
            <name>sales__product__brand_name_1</name>
            <version>0</version>
            <label>$R{supermart.product.brand_name.label}</label>
            <creationDate>2019-11-27T12:28:06.450-07:00</creationDate>
            <updateDate>2019-08-28T17:31:18.484-07:00</updateDate>
            <type>7</type>
            <mandatory>false</mandatory>
            <readOnly>false</readOnly>
            <visible>true</visible>
            <query>
                <localResource exportedWithPermissions="false" xsi:type="query">
                    <folder>/public/Samples/Ad_Hoc_Views/02__Sales_Mix_by_City_files/sales__product__brand_name_1_files</folder>
                    <name>sales__product__brand_name_1</name>
                    <version>0</version>
                    <label>$R{supermart.product.brand_name.label}</label>
                    <creationDate>2019-11-27T12:28:06.450-07:00</creationDate>
                    <updateDate>2019-08-28T17:31:18.484-07:00</updateDate>
                    <language>domain</language>
                    <queryString>&lt;?xml version="1.0" encoding="UTF-8"?&gt;
&lt;query xmlns="http://www.jaspersoft.com/2007/SL/XMLSchema"&gt;
  &lt;groupList&gt;
    &lt;group columnName="sales_fact_ALL.sales__product.sales__product__brand_name" /&gt;
  &lt;/groupList&gt;
  &lt;queryFields&gt;
    &lt;queryField id="sales_fact_ALL.sales__product.sales__product__brand_name" /&gt;
    &lt;queryField id="product1.brand_name" /&gt;
  &lt;/queryFields&gt;
&lt;/query&gt;

</queryString>
                    <dataSource>
                        <uri>/public/Samples/Domains/supermartDomain</uri>
                    </dataSource>
                </localResource>
            </query>
            <queryVisibleColumn>sales_fact_ALL.sales__product.sales__product__brand_name</queryVisibleColumn>
            <queryValueColumn>sales_fact_ALL.sales__product.sales__product__brand_name</queryValueColumn>
        </localResource>
    </inputControl>
    <resource>
        <localResource
            xmlns:xsi="http://www.w3.org/2001/XMLSchema-instance"
            exportedWithPermissions="false"
            dataFile="supermart_domain_de.properties.data" xsi:type="fileResource">
            <folder>/public/Samples/Ad_Hoc_Views/02__Sales_Mix_by_City_files</folder>
            <name>supermart_domain_de.properties</name>
            <version>0</version>
            <label>bundle</label>
            <description>bundle</description>
            <creationDate>2019-11-27T12:28:06.450-07:00</creationDate>
            <updateDate>2019-08-28T17:31:18.484-07:00</updateDate>
            <fileType>prop</fileType>
        </localResource>
    </resource>
    <resource>
        <localResource
            xmlns:xsi="http://www.w3.org/2001/XMLSchema-instance"
            exportedWithPermissions="false"
            dataFile="supermart_domain_zh_CN.properties.data" xsi:type="fileResource">
            <folder>/public/Samples/Ad_Hoc_Views/02__Sales_Mix_by_City_files</folder>
            <name>supermart_domain_zh_CN.properties</name>
            <version>0</version>
            <label>bundle</label>
            <description>bundle</description>
            <creationDate>2019-11-27T12:28:06.450-07:00</creationDate>
            <updateDate>2019-08-28T17:31:18.484-07:00</updateDate>
            <fileType>prop</fileType>
        </localResource>
    </resource>
    <resource>
        <localResource
            xmlns:xsi="http://www.w3.org/2001/XMLSchema-instance"
            exportedWithPermissions="false"
            dataFile="supermart_domain_es.properties.data" xsi:type="fileResource">
            <folder>/public/Samples/Ad_Hoc_Views/02__Sales_Mix_by_City_files</folder>
            <name>supermart_domain_es.properties</name>
            <version>0</version>
            <label>bundle</label>
            <description>bundle</description>
            <creationDate>2019-11-27T12:28:06.450-07:00</creationDate>
            <updateDate>2019-08-28T17:31:18.484-07:00</updateDate>
            <fileType>prop</fileType>
        </localResource>
    </resource>
    <resource>
        <localResource
            xmlns:xsi="http://www.w3.org/2001/XMLSchema-instance"
            exportedWithPermissions="false"
            dataFile="supermart_domain_ja.properties.data" xsi:type="fileResource">
            <folder>/public/Samples/Ad_Hoc_Views/02__Sales_Mix_by_City_files</folder>
            <name>supermart_domain_ja.properties</name>
            <version>0</version>
            <label>bundle</label>
            <description>bundle</description>
            <creationDate>2019-11-27T12:28:06.450-07:00</creationDate>
            <updateDate>2019-08-28T17:31:18.484-07:00</updateDate>
            <fileType>prop</fileType>
        </localResource>
    </resource>
    <resource>
        <localResource
            xmlns:xsi="http://www.w3.org/2001/XMLSchema-instance"
            exportedWithPermissions="false"
            dataFile="supermart_domain_fr.properties.data" xsi:type="fileResource">
            <folder>/public/Samples/Ad_Hoc_Views/02__Sales_Mix_by_City_files</folder>
            <name>supermart_domain_fr.properties</name>
            <version>0</version>
            <label>bundle</label>
            <description>bundle</description>
            <creationDate>2019-11-27T12:28:06.450-07:00</creationDate>
            <updateDate>2019-08-28T17:31:18.484-07:00</updateDate>
            <fileType>prop</fileType>
        </localResource>
    </resource>
    <resource>
        <localResource
            xmlns:xsi="http://www.w3.org/2001/XMLSchema-instance"
            exportedWithPermissions="false"
            dataFile="supermart_domain_en.properties.data" xsi:type="fileResource">
            <folder>/public/Samples/Ad_Hoc_Views/02__Sales_Mix_by_City_files</folder>
            <name>supermart_domain_en.properties</name>
            <version>0</version>
            <label>bundle</label>
            <description>bundle</description>
            <creationDate>2019-11-27T12:28:06.450-07:00</creationDate>
            <updateDate>2019-08-28T17:31:18.484-07:00</updateDate>
            <fileType>prop</fileType>
        </localResource>
    </resource>
    <resource>
        <localResource
            xmlns:xsi="http://www.w3.org/2001/XMLSchema-instance"
            exportedWithPermissions="false"
            dataFile="supermart_domain.properties.data" xsi:type="fileResource">
            <folder>/public/Samples/Ad_Hoc_Views/02__Sales_Mix_by_City_files</folder>
            <name>supermart_domain.properties</name>
            <version>0</version>
            <label>bundle</label>
            <description>bundle</description>
            <creationDate>2019-11-27T12:28:06.450-07:00</creationDate>
            <updateDate>2019-08-28T17:31:18.484-07:00</updateDate>
            <fileType>prop</fileType>
        </localResource>
    </resource>
    <resource>
        <localResource
            xmlns:xsi="http://www.w3.org/2001/XMLSchema-instance"
            exportedWithPermissions="false" dataFile="topicJRXML.data" xsi:type="fileResource">
            <folder>/public/Samples/Ad_Hoc_Views/02__Sales_Mix_by_City_files</folder>
            <name>topicJRXML</name>
            <version>0</version>
            <label>topicJRXML</label>
            <creationDate>2019-11-27T12:28:06.450-07:00</creationDate>
            <updateDate>2019-08-28T17:31:18.484-07:00</updateDate>
            <fileType>jrxml</fileType>
        </localResource>
    </resource>
    <resource>
        <localResource
            xmlns:xsi="http://www.w3.org/2001/XMLSchema-instance"
            exportedWithPermissions="false" dataFile="stateXML.data" xsi:type="fileResource">
            <folder>/public/Samples/Ad_Hoc_Views/02__Sales_Mix_by_City_files</folder>
            <name>stateXML</name>
            <version>0</version>
            <label>stateXML</label>
            <creationDate>2019-11-27T12:28:06.450-07:00</creationDate>
            <updateDate>2019-08-28T17:31:18.484-07:00</updateDate>
            <fileType>xml</fileType>
        </localResource>
    </resource>
    <alwaysPromptControls>false</alwaysPromptControls>
    <controlsLayout>1</controlsLayout>
</adhocDataView>
