<?xml version="1.0" encoding="UTF-8"?>
<adhocDataView exportedWithPermissions="true">
    <folder>/public/Samples/Ad_Hoc_Views</folder>
    <name>11__Top_5_Products_by_City</name>
    <version>0</version>
    <label>11. Top 5 Products by City</label>
    <description>Sample from Domain data source with nested top 5 Cross Tab filtering and percent share calculations.</description>
    <creationDate>2019-11-27T12:28:08.033-07:00</creationDate>
    <updateDate>2019-09-04T08:18:45.057-07:00</updateDate>
    <dataSource>
        <uri>/public/Samples/Domains/supermartDomain</uri>
    </dataSource>
    <resource>
        <localResource
            xmlns:xsi="http://www.w3.org/2001/XMLSchema-instance"
            exportedWithPermissions="false"
            dataFile="supermart_domain_de.properties.data" xsi:type="fileResource">
            <folder>/public/Samples/Ad_Hoc_Views/11__Top_5_Products_by_City_files</folder>
            <name>supermart_domain_de.properties</name>
            <version>0</version>
            <label>bundle</label>
            <description>bundle</description>
            <creationDate>2019-11-27T12:28:08.033-07:00</creationDate>
            <updateDate>2019-09-04T08:18:18.476-07:00</updateDate>
            <fileType>prop</fileType>
        </localResource>
    </resource>
    <resource>
        <localResource
            xmlns:xsi="http://www.w3.org/2001/XMLSchema-instance"
            exportedWithPermissions="false"
            dataFile="supermart_domain_zh_CN.properties.data" xsi:type="fileResource">
            <folder>/public/Samples/Ad_Hoc_Views/11__Top_5_Products_by_City_files</folder>
            <name>supermart_domain_zh_CN.properties</name>
            <version>0</version>
            <label>bundle</label>
            <description>bundle</description>
            <creationDate>2019-11-27T12:28:08.033-07:00</creationDate>
            <updateDate>2019-09-04T08:18:18.476-07:00</updateDate>
            <fileType>prop</fileType>
        </localResource>
    </resource>
    <resource>
        <localResource
            xmlns:xsi="http://www.w3.org/2001/XMLSchema-instance"
            exportedWithPermissions="false"
            dataFile="supermart_domain_es.properties.data" xsi:type="fileResource">
            <folder>/public/Samples/Ad_Hoc_Views/11__Top_5_Products_by_City_files</folder>
            <name>supermart_domain_es.properties</name>
            <version>0</version>
            <label>bundle</label>
            <description>bundle</description>
            <creationDate>2019-11-27T12:28:08.033-07:00</creationDate>
            <updateDate>2019-09-04T08:18:18.476-07:00</updateDate>
            <fileType>prop</fileType>
        </localResource>
    </resource>
    <resource>
        <localResource
            xmlns:xsi="http://www.w3.org/2001/XMLSchema-instance"
            exportedWithPermissions="false"
            dataFile="supermart_domain_ja.properties.data" xsi:type="fileResource">
            <folder>/public/Samples/Ad_Hoc_Views/11__Top_5_Products_by_City_files</folder>
            <name>supermart_domain_ja.properties</name>
            <version>0</version>
            <label>bundle</label>
            <description>bundle</description>
            <creationDate>2019-11-27T12:28:08.033-07:00</creationDate>
            <updateDate>2019-09-04T08:18:18.476-07:00</updateDate>
            <fileType>prop</fileType>
        </localResource>
    </resource>
    <resource>
        <localResource
            xmlns:xsi="http://www.w3.org/2001/XMLSchema-instance"
            exportedWithPermissions="false"
            dataFile="supermart_domain_fr.properties.data" xsi:type="fileResource">
            <folder>/public/Samples/Ad_Hoc_Views/11__Top_5_Products_by_City_files</folder>
            <name>supermart_domain_fr.properties</name>
            <version>0</version>
            <label>bundle</label>
            <description>bundle</description>
            <creationDate>2019-11-27T12:28:08.033-07:00</creationDate>
            <updateDate>2019-09-04T08:18:18.476-07:00</updateDate>
            <fileType>prop</fileType>
        </localResource>
    </resource>
    <resource>
        <localResource
            xmlns:xsi="http://www.w3.org/2001/XMLSchema-instance"
            exportedWithPermissions="false"
            dataFile="supermart_domain_en.properties.data" xsi:type="fileResource">
            <folder>/public/Samples/Ad_Hoc_Views/11__Top_5_Products_by_City_files</folder>
            <name>supermart_domain_en.properties</name>
            <version>0</version>
            <label>bundle</label>
            <description>bundle</description>
            <creationDate>2019-11-27T12:28:08.033-07:00</creationDate>
            <updateDate>2019-09-04T08:18:18.476-07:00</updateDate>
            <fileType>prop</fileType>
        </localResource>
    </resource>
    <resource>
        <localResource
            xmlns:xsi="http://www.w3.org/2001/XMLSchema-instance"
            exportedWithPermissions="false"
            dataFile="supermart_domain.properties.data" xsi:type="fileResource">
            <folder>/public/Samples/Ad_Hoc_Views/11__Top_5_Products_by_City_files</folder>
            <name>supermart_domain.properties</name>
            <version>0</version>
            <label>bundle</label>
            <description>bundle</description>
            <creationDate>2019-11-27T12:28:08.033-07:00</creationDate>
            <updateDate>2019-09-04T08:18:18.476-07:00</updateDate>
            <fileType>prop</fileType>
        </localResource>
    </resource>
    <resource>
        <localResource
            xmlns:xsi="http://www.w3.org/2001/XMLSchema-instance"
            exportedWithPermissions="false" dataFile="topicJRXML.data" xsi:type="fileResource">
            <folder>/public/Samples/Ad_Hoc_Views/11__Top_5_Products_by_City_files</folder>
            <name>topicJRXML</name>
            <version>0</version>
            <label>topicJRXML</label>
            <creationDate>2019-11-27T12:28:08.033-07:00</creationDate>
            <updateDate>2019-09-04T08:18:18.476-07:00</updateDate>
            <fileType>jrxml</fileType>
        </localResource>
    </resource>
    <resource>
        <localResource
            xmlns:xsi="http://www.w3.org/2001/XMLSchema-instance"
            exportedWithPermissions="false" dataFile="stateXML.data" xsi:type="fileResource">
            <folder>/public/Samples/Ad_Hoc_Views/11__Top_5_Products_by_City_files</folder>
            <name>stateXML</name>
            <version>0</version>
            <label>stateXML</label>
            <creationDate>2019-11-27T12:28:08.033-07:00</creationDate>
            <updateDate>2019-09-04T08:18:18.476-07:00</updateDate>
            <fileType>xml</fileType>
        </localResource>
    </resource>
    <alwaysPromptControls>false</alwaysPromptControls>
    <controlsLayout>1</controlsLayout>
</adhocDataView>
