<?xml version="1.0" encoding="UTF-8"?>
<fileResource exportedWithPermissions="true" dataFile="ui-bg_inset-hard_100_fcfdfd_1x100.png.data">
    <folder>/organizations/organization_1/themes/default/jquery-ui/images</folder>
    <name>ui-bg_inset-hard_100_fcfdfd_1x100.png</name>
    <version>0</version>
    <label>ui-bg_inset-hard_100_fcfdfd_1x100.png</label>
    <creationDate>2019-11-27T12:26:24.000-07:00</creationDate>
    <updateDate>2019-11-27T12:26:24.000-07:00</updateDate>
    <fileType>img</fileType>
</fileResource>
