<?xml version="1.0" encoding="UTF-8"?>
<fileResource exportedWithPermissions="true" dataFile="sourcesanspro-regular-webfont.woff.data">
    <folder>/organizations/organization_1/themes/default/jasper-ui/fonts</folder>
    <name>sourcesanspro-regular-webfont.woff</name>
    <version>0</version>
    <label>sourcesanspro-regular-webfont.woff</label>
    <creationDate>2019-11-27T12:27:43.701-07:00</creationDate>
    <updateDate>2019-11-27T12:27:43.701-07:00</updateDate>
    <fileType>font</fileType>
</fileResource>
