<?xml version="1.0" encoding="UTF-8"?>
<user>
    <username>jasperadmin</username>
    <fullName>jasperadmin User</fullName>
    <password>ENC&lt;4A5253495600000010651CDE765529402AAC1F92E0891A8900B32D14D470FF0C122C0A7B49C42CDEC8&gt;</password>
    <externallyDefined>false</externallyDefined>
    <enabled>true</enabled>
    <role>ROLE_ADMINISTRATOR</role>
    <role>ROLE_USER</role>
    <previousPasswordChangeTime>2019-11-27T12:26:09.000-07:00</previousPasswordChangeTime>
    <tenantId>organization_1</tenantId>
</user>
