<?xml version="1.0" encoding="UTF-8"?>
<export><property name="keyalias" value="f2bb5972-5fc8-4b01-a88a-c8c7d9284396"/><module id="tenants"><organization>organizations</organization></module><module id="authority"><user>jasperadmin</user><user>anonymousUser</user><user>joeuser</user><role>ROLE_ADMINISTRATOR</role><role>ROLE_USER</role><role>ROLE_ANONYMOUS</role></module><module id="repositoryResources"><folder>/</folder></module><module id="calendars"><calendar>New Years Days</calendar></module><module id="reportJobs"/><property name="pathProcessorId" value="zip"/><property name="rootTenantId" value="organizations"/><property name="jsVersion" value="7.5.0 CE"/><property name="encrypted" value="4A525349560000001046D1ED0770B8653DD3D137A3809125C740156C38D919C2CF81384E63CA4EB8A8"/></export>