<?xml version="1.0" encoding="UTF-8"?>
<user>
    <username>CaliforniaUser</username>
    <fullName>California User</fullName>
    <password>ENC&lt;4A5253495600000010C1299FCC04EE2E7BC83CDF89D84FE2C69CC84140686E1425D8750058530AF21C&gt;</password>
    <externallyDefined>false</externallyDefined>
    <enabled>true</enabled>
    <role>ROLE_SUPERMART_MANAGER</role>
    <role>ROLE_USER</role>
    <attribute name="State">
        <value>CA</value>
    </attribute>
    <attribute name="Cities">
        <value>San Francisco, Oakland, San Jose</value>
    </attribute>
    <previousPasswordChangeTime>2019-11-27T12:28:05.239-07:00</previousPasswordChangeTime>
    <tenantId>organization_1</tenantId>
</user>
