<?xml version="1.0" encoding="UTF-8"?>
<user>
    <username>demo</username>
    <fullName>Demo User</fullName>
    <password>ENC&lt;4A52534956000000104D5934C111B11736F47DAE8F9F73D8D2BFED86EBE9CEA97611814CA9E02B3D91&gt;</password>
    <externallyDefined>false</externallyDefined>
    <enabled>true</enabled>
    <role>ROLE_DEMO</role>
    <role>ROLE_USER</role>
    <previousPasswordChangeTime>2019-11-27T12:28:05.788-07:00</previousPasswordChangeTime>
    <tenantId>organization_1</tenantId>
</user>
