<?xml version="1.0" encoding="UTF-8"?>
<user>
    <username>jasperadmin</username>
    <fullName>jasperadmin User</fullName>
    <password>ENC&lt;4A525349560000001084F4B511E4BD23C2CA64DBD8E216AE1F822E6D75804CBF75BAB8AF55CCDF5D58&gt;</password>
    <externallyDefined>false</externallyDefined>
    <enabled>true</enabled>
    <role>ROLE_ADMINISTRATOR</role>
    <role>ROLE_USER</role>
    <previousPasswordChangeTime>2019-11-27T12:27:37.718-07:00</previousPasswordChangeTime>
    <tenantId>organization_1</tenantId>
</user>
