<?xml version="1.0" encoding="UTF-8"?>
<xmlaConnection exportedWithPermissions="true">
    <folder>/analysis/connections</folder>
    <name>SugarCRMXmlaConnection</name>
    <version>0</version>
    <label>SugarCRM XML/A Connection</label>
    <description>SugarCRM XML/A Connection</description>
    <creationDate>2019-11-27T10:58:07.000-08:00</creationDate>
    <updateDate>2019-11-27T10:58:07.000-08:00</updateDate>
    <connectionURL>http://localhost:8080/jasperserver/xmla</connectionURL>
    <dataSource>Provider=Mondrian;DataSource=JRS</dataSource>
    <catalog>SugarCRM</catalog>
    <connectionUser>jasperadmin</connectionUser>
    <connectionPassword>ENC&lt;4A525349560000001086EFBEDD0248448C21ED772319B6230654AF36016C0B8D7E9EA4F33B87BAE0D0&gt;</connectionPassword>
</xmlaConnection>
