<?xml version="1.0" encoding="UTF-8"?>
<xmlaConnection exportedWithPermissions="true">
    <folder>/organizations/organization_1/performance/connections</folder>
    <name>ProfileXmlaConnection</name>
    <version>1</version>
    <label>Profile XMLA Connection</label>
    <description>Profile XML/A Connection</description>
    <creationDate>2019-11-27T12:28:05.111-07:00</creationDate>
    <updateDate>2019-11-27T12:28:05.216-07:00</updateDate>
    <connectionURL>http://localhost:8080/jasperserver-pro/xmla</connectionURL>
    <dataSource>Provider=Mondrian;DataSource=JRS</dataSource>
    <catalog>Profile</catalog>
    <connectionUser>jasperadmin</connectionUser>
    <connectionPassword>ENC&lt;4A525349560000001016A8673F2A45E22C274A1F2C3083819CF41C9EA1D6FA694395AF63E4249442F3&gt;</connectionPassword>
</xmlaConnection>
