<?xml version="1.0" encoding="UTF-8"?>
<xmlaConnection exportedWithPermissions="true">
    <folder>/organizations/organization_1/performance/connections</folder>
    <name>ProfileXmlaConnection</name>
    <version>1</version>
    <label>Profile XMLA Connection</label>
    <description>Profile XML/A Connection</description>
    <creationDate>2019-11-27T12:27:58.000-07:00</creationDate>
    <updateDate>2019-11-27T12:27:58.000-07:00</updateDate>
    <connectionURL>http://localhost:8080/jasperserver-pro/xmla</connectionURL>
    <dataSource>Provider=Mondrian;DataSource=JRS</dataSource>
    <catalog>Profile</catalog>
    <connectionUser>jasperadmin</connectionUser>
    <connectionPassword>ENC&lt;4A52534956000000103ABFA2DFBF4CA930FBAB8C6DE2CA19DCC6E5003EE57D40BC4826A279FA36E0E9&gt;</connectionPassword>
</xmlaConnection>
