<?xml version="1.0" encoding="UTF-8"?>
<fileResource exportedWithPermissions="true" dataFile="disclosure_indicators_icons_sprite@1x.png.data">
    <folder>/themes/jasper_dark/images</folder>
    <name>disclosure_indicators_icons_sprite@1x.png</name>
    <version>0</version>
    <label>disclosure_indicators_icons_sprite@1x.png</label>
    <creationDate>2019-11-27T10:57:53.000-08:00</creationDate>
    <updateDate>2019-11-27T10:57:53.000-08:00</updateDate>
    <fileType>img</fileType>
</fileResource>
