<?xml version="1.0" encoding="UTF-8"?>
<folder exportedWithPermissions="true">
    <parent>/organizations/organization_1/analysis</parent>
    <name>schemas</name>
    <label>Analysis Schemas</label>
    <description>Schemas used by Analysis</description>
    <creationDate>2019-11-27T12:27:50.730-07:00</creationDate>
    <updateDate>2019-11-27T12:27:50.730-07:00</updateDate>
    <resource>FoodmartGrant</resource>
    <resource>FoodmartMultiVariableGrant</resource>
    <resource>FoodmartMultiVariableNoTopGrant</resource>
    <resource>FoodmartMultiVariableTopNoMemberGrant</resource>
    <resource>FoodmartNoTopGrant</resource>
    <resource>FoodmartSchema</resource>
    <resource>FoodmartSchemaUpper</resource>
    <resource>FoodmartVariableGrant</resource>
    <resource>SugarCRMSchema</resource>
    <resource>SugarCRMSchemaUpper</resource>
</folder>
