<?xml version="1.0" encoding="UTF-8"?>
<user>
    <username>demo</username>
    <fullName>Demo User</fullName>
    <password>ENC&lt;4A525349560000001021096D5505C8F752B1638C50B87571F9A8D5C22155DE1EE652CBE7E44F5B46B4&gt;</password>
    <externallyDefined>false</externallyDefined>
    <enabled>true</enabled>
    <role>ROLE_DEMO</role>
    <role>ROLE_USER</role>
    <previousPasswordChangeTime>2019-11-27T12:27:59.000-07:00</previousPasswordChangeTime>
    <tenantId>organization_1</tenantId>
</user>
