<?xml version="1.0" encoding="UTF-8"?>
<user>
    <username>jasperadmin</username>
    <fullName>jasperadmin User</fullName>
    <password>ENC&lt;4A5253495600000010FC65550271337C7D0DFAEDCFAB39E41267A6D166654D11CE44FF5E19551E87A6&gt;</password>
    <externallyDefined>false</externallyDefined>
    <enabled>true</enabled>
    <role>ROLE_ADMINISTRATOR</role>
    <role>ROLE_USER</role>
    <previousPasswordChangeTime>2019-11-27T12:27:30.000-07:00</previousPasswordChangeTime>
    <tenantId>organization_1</tenantId>
</user>
