<?xml version="1.0" encoding="UTF-8"?>
<user>
    <username>jasperadmin</username>
    <fullName>jasperadmin User</fullName>
    <password>ENC&lt;4A52534956000000105680864C3E446A2CA7AB5F01B21711612CDD8E0BF7EA451F1B38CF0BF533D55C&gt;</password>
    <externallyDefined>false</externallyDefined>
    <enabled>true</enabled>
    <role>ROLE_ADMINISTRATOR</role>
    <role>ROLE_USER</role>
    <previousPasswordChangeTime>2019-11-27T12:26:19.230-07:00</previousPasswordChangeTime>
    <tenantId>organization_1</tenantId>
</user>
