<?xml version="1.0" encoding="UTF-8"?>
<dashboardModelResource exportedWithPermissions="true">
    <folder>/public/Samples/Dashboards</folder>
    <name>3.1_Sales_Metrics</name>
    <version>0</version>
    <label>3.1 Sales Metrics</label>
    <description>Sample containing Sales related data, hyperlinks, and a hidden filter for embedded Visualize.js demo.</description>
    <creationDate>2018-07-10T22:24:20.580-07:00</creationDate>
    <updateDate>2016-03-07T13:43:23.800-07:00</updateDate>
    <defaultFoundation>default</defaultFoundation>
    <foundation>
        <id>default</id>
        <layout>layout</layout>
        <wiring>wiring</wiring>
        <components>components</components>
    </foundation>
    <resourceDescriptor>
        <type>wiring</type>
        <id>wiring</id>
    </resourceDescriptor>
    <resourceDescriptor>
        <type>layout</type>
        <id>layout</id>
    </resourceDescriptor>
    <resourceDescriptor>
        <type>components</type>
        <id>components</id>
    </resourceDescriptor>
    <resourceDescriptor>
        <type>adhocDataView</type>
        <id>/temp/tmpAdv_1414700246228_atva</id>
    </resourceDescriptor>
    <resourceDescriptor>
        <type>adhocDataView</type>
        <id>/temp/tmpAdv_1414700464424_yxis</id>
    </resourceDescriptor>
    <resourceDescriptor>
        <type>adhocDataView</type>
        <id>/temp/tmpAdv_1414700877058_vynk</id>
    </resourceDescriptor>
    <resourceDescriptor>
        <type>adhocDataView</type>
        <id>/temp/tmpAdv_1429561443221_labg</id>
    </resourceDescriptor>
    <resource>
        <localResource
            xmlns:xsi="http://www.w3.org/2001/XMLSchema-instance"
            exportedWithPermissions="false" dataFile="wiring.data" xsi:type="fileResource">
            <folder>/public/Samples/Dashboards/3.1_Sales_Metrics_files</folder>
            <name>wiring</name>
            <version>0</version>
            <label>wiring</label>
            <creationDate>2018-07-10T22:24:20.580-07:00</creationDate>
            <updateDate>2016-03-07T13:43:23.800-07:00</updateDate>
            <fileType>json</fileType>
        </localResource>
    </resource>
    <resource>
        <localResource
            xmlns:xsi="http://www.w3.org/2001/XMLSchema-instance"
            exportedWithPermissions="false" dataFile="layout" xsi:type="contentResource">
            <folder>/public/Samples/Dashboards/3.1_Sales_Metrics_files</folder>
            <name>layout</name>
            <version>0</version>
            <label>layout</label>
            <creationDate>2018-07-10T22:24:20.580-07:00</creationDate>
            <updateDate>2016-03-07T13:43:23.800-07:00</updateDate>
            <fileType>html</fileType>
        </localResource>
    </resource>
    <resource>
        <localResource
            xmlns:xsi="http://www.w3.org/2001/XMLSchema-instance"
            exportedWithPermissions="false" dataFile="components.data" xsi:type="fileResource">
            <folder>/public/Samples/Dashboards/3.1_Sales_Metrics_files</folder>
            <name>components</name>
            <version>0</version>
            <label>components</label>
            <creationDate>2018-07-10T22:24:20.580-07:00</creationDate>
            <updateDate>2016-03-07T13:43:23.800-07:00</updateDate>
            <fileType>dashboardComponent</fileType>
        </localResource>
    </resource>
    <resource>
        <localResource
            xmlns:xsi="http://www.w3.org/2001/XMLSchema-instance"
            exportedWithPermissions="false" xsi:type="adhocDataView">
            <folder>/public/Samples/Dashboards/3.1_Sales_Metrics_files</folder>
            <name>tmpAdv_1414700246228_atva</name>
            <version>0</version>
            <label>tmpAdv_1414700246228_atva</label>
            <description>Dashboard visualization.</description>
            <creationDate>2018-07-10T22:24:20.580-07:00</creationDate>
            <updateDate>2016-03-07T13:43:23.800-07:00</updateDate>
            <dataSource>
                <uri>/public/Samples/Domains/supermartDomain</uri>
            </dataSource>
            <inputControl>
                <localResource exportedWithPermissions="false" xsi:type="inputControl">
                    <folder>/public/Samples/Dashboards/3.1_Sales_Metrics_files/tmpAdv_1414700246228_atva_files</folder>
                    <name>sales__store__region__sales_country_1</name>
                    <version>0</version>
                    <label>$R{supermart.region.sales_country.label}</label>
                    <creationDate>2018-07-10T22:24:20.580-07:00</creationDate>
                    <updateDate>2016-03-07T13:43:23.800-07:00</updateDate>
                    <type>7</type>
                    <mandatory>false</mandatory>
                    <readOnly>false</readOnly>
                    <visible>true</visible>
                    <query>
                        <localResource exportedWithPermissions="false" xsi:type="query">
                            <folder>/public/Samples/Dashboards/3.1_Sales_Metrics_files/tmpAdv_1414700246228_atva_files/sales__store__region__sales_country_1_files</folder>
                            <name>sales__store__region__sales_country_1</name>
                            <version>0</version>
                            <label>$R{supermart.region.sales_country.label}</label>
                            <creationDate>2018-07-10T22:24:20.580-07:00</creationDate>
                            <updateDate>2016-03-07T13:43:23.800-07:00</updateDate>
                            <language>domain</language>
                            <queryString>&lt;?xml version="1.0" encoding="UTF-8"?&gt;
&lt;query xmlns="http://www.jaspersoft.com/2007/SL/XMLSchema"&gt;
  &lt;groupList&gt;
    &lt;group columnName="sales_fact_ALL.sales__store.sales__store__region.sales__store__region__sales_country" /&gt;
  &lt;/groupList&gt;
  &lt;queryFields&gt;
    &lt;queryField id="sales_fact_ALL.sales__store.sales__store__region.sales__store__region__sales_country" /&gt;
    &lt;queryField id="region11.sales_country" /&gt;
  &lt;/queryFields&gt;
&lt;/query&gt;

</queryString>
                            <dataSource>
                                <uri>/public/Samples/Domains/supermartDomain</uri>
                            </dataSource>
                        </localResource>
                    </query>
                    <queryVisibleColumn>sales_fact_ALL.sales__store.sales__store__region.sales__store__region__sales_country</queryVisibleColumn>
                    <queryValueColumn>sales_fact_ALL.sales__store.sales__store__region.sales__store__region__sales_country</queryValueColumn>
                </localResource>
            </inputControl>
            <resource>
                <localResource exportedWithPermissions="false"
                    dataFile="supermart_domain.properties.data" xsi:type="fileResource">
                    <folder>/public/Samples/Dashboards/3.1_Sales_Metrics_files/tmpAdv_1414700246228_atva_files</folder>
                    <name>supermart_domain.properties</name>
                    <version>0</version>
                    <label>bundle</label>
                    <description>bundle</description>
                    <creationDate>2018-07-10T22:24:20.580-07:00</creationDate>
                    <updateDate>2016-03-07T13:43:23.800-07:00</updateDate>
                    <fileType>prop</fileType>
                </localResource>
            </resource>
            <resource>
                <localResource exportedWithPermissions="false"
                    dataFile="supermart_domain_en_US.properties.data" xsi:type="fileResource">
                    <folder>/public/Samples/Dashboards/3.1_Sales_Metrics_files/tmpAdv_1414700246228_atva_files</folder>
                    <name>supermart_domain_en_US.properties</name>
                    <version>0</version>
                    <label>bundle</label>
                    <description>bundle</description>
                    <creationDate>2018-07-10T22:24:20.580-07:00</creationDate>
                    <updateDate>2016-03-07T13:43:23.800-07:00</updateDate>
                    <fileType>prop</fileType>
                </localResource>
            </resource>
            <resource>
                <localResource exportedWithPermissions="false"
                    dataFile="supermart_domain_es.properties.data" xsi:type="fileResource">
                    <folder>/public/Samples/Dashboards/3.1_Sales_Metrics_files/tmpAdv_1414700246228_atva_files</folder>
                    <name>supermart_domain_es.properties</name>
                    <version>0</version>
                    <label>bundle</label>
                    <description>bundle</description>
                    <creationDate>2018-07-10T22:24:20.580-07:00</creationDate>
                    <updateDate>2016-03-07T13:43:23.800-07:00</updateDate>
                    <fileType>prop</fileType>
                </localResource>
            </resource>
            <resource>
                <localResource exportedWithPermissions="false"
                    dataFile="supermart_domain_fr.properties.data" xsi:type="fileResource">
                    <folder>/public/Samples/Dashboards/3.1_Sales_Metrics_files/tmpAdv_1414700246228_atva_files</folder>
                    <name>supermart_domain_fr.properties</name>
                    <version>0</version>
                    <label>bundle</label>
                    <description>bundle</description>
                    <creationDate>2018-07-10T22:24:20.580-07:00</creationDate>
                    <updateDate>2016-03-07T13:43:23.800-07:00</updateDate>
                    <fileType>prop</fileType>
                </localResource>
            </resource>
            <resource>
                <localResource exportedWithPermissions="false"
                    dataFile="supermart_domain_ja.properties.data" xsi:type="fileResource">
                    <folder>/public/Samples/Dashboards/3.1_Sales_Metrics_files/tmpAdv_1414700246228_atva_files</folder>
                    <name>supermart_domain_ja.properties</name>
                    <version>0</version>
                    <label>bundle</label>
                    <description>bundle</description>
                    <creationDate>2018-07-10T22:24:20.580-07:00</creationDate>
                    <updateDate>2016-03-07T13:43:23.800-07:00</updateDate>
                    <fileType>prop</fileType>
                </localResource>
            </resource>
            <resource>
                <localResource exportedWithPermissions="false"
                    dataFile="supermart_domain_zh_CN.properties.data" xsi:type="fileResource">
                    <folder>/public/Samples/Dashboards/3.1_Sales_Metrics_files/tmpAdv_1414700246228_atva_files</folder>
                    <name>supermart_domain_zh_CN.properties</name>
                    <version>0</version>
                    <label>bundle</label>
                    <description>bundle</description>
                    <creationDate>2018-07-10T22:24:20.580-07:00</creationDate>
                    <updateDate>2016-03-07T13:43:23.800-07:00</updateDate>
                    <fileType>prop</fileType>
                </localResource>
            </resource>
            <resource>
                <localResource exportedWithPermissions="false"
                    dataFile="supermart_domain_de.properties.data" xsi:type="fileResource">
                    <folder>/public/Samples/Dashboards/3.1_Sales_Metrics_files/tmpAdv_1414700246228_atva_files</folder>
                    <name>supermart_domain_de.properties</name>
                    <version>0</version>
                    <label>bundle</label>
                    <description>bundle</description>
                    <creationDate>2018-07-10T22:24:20.580-07:00</creationDate>
                    <updateDate>2016-03-07T13:43:23.800-07:00</updateDate>
                    <fileType>prop</fileType>
                </localResource>
            </resource>
            <resource>
                <localResource exportedWithPermissions="false"
                    dataFile="topicJRXML.data" xsi:type="fileResource">
                    <folder>/public/Samples/Dashboards/3.1_Sales_Metrics_files/tmpAdv_1414700246228_atva_files</folder>
                    <name>topicJRXML</name>
                    <version>0</version>
                    <label>topicJRXML</label>
                    <creationDate>2018-07-10T22:24:20.580-07:00</creationDate>
                    <updateDate>2016-03-07T13:43:23.800-07:00</updateDate>
                    <fileType>jrxml</fileType>
                </localResource>
            </resource>
            <resource>
                <localResource exportedWithPermissions="false"
                    dataFile="stateXML.data" xsi:type="fileResource">
                    <folder>/public/Samples/Dashboards/3.1_Sales_Metrics_files/tmpAdv_1414700246228_atva_files</folder>
                    <name>stateXML</name>
                    <version>0</version>
                    <label>stateXML</label>
                    <creationDate>2018-07-10T22:24:20.580-07:00</creationDate>
                    <updateDate>2016-03-07T13:43:23.800-07:00</updateDate>
                    <fileType>xml</fileType>
                </localResource>
            </resource>
            <reports>
                <localResource exportedWithPermissions="false" xsi:type="reportUnit">
                    <folder>/public/Samples/Dashboards/3.1_Sales_Metrics_files/tmpAdv_1414700246228_atva_files</folder>
                    <name>dashboardReport</name>
                    <version>1</version>
                    <label>dashboardReport</label>
                    <creationDate>2018-07-10T22:24:20.580-07:00</creationDate>
                    <updateDate>2016-03-07T13:43:23.800-07:00</updateDate>
                    <mainReport>
                        <localResource exportedWithPermissions="false"
                            dataFile="mainReportJrxml.data" xsi:type="fileResource">
                            <folder>/public/Samples/Dashboards/3.1_Sales_Metrics_files/tmpAdv_1414700246228_atva_files/dashboardReport_files</folder>
                            <name>mainReportJrxml</name>
                            <version>0</version>
                            <label>mainReportJrxml</label>
                            <creationDate>2018-07-10T22:24:20.580-07:00</creationDate>
                            <updateDate>2016-03-07T13:43:23.800-07:00</updateDate>
                            <fileType>jrxml</fileType>
                        </localResource>
                    </mainReport>
                    <resource>
                        <localResource exportedWithPermissions="false"
                            dataFile="supermart_domain.properties.data" xsi:type="fileResource">
                            <folder>/public/Samples/Dashboards/3.1_Sales_Metrics_files/tmpAdv_1414700246228_atva_files/dashboardReport_files</folder>
                            <name>supermart_domain.properties</name>
                            <version>0</version>
                            <label>bundle</label>
                            <description>bundle</description>
                            <creationDate>2018-07-10T22:24:20.580-07:00</creationDate>
                            <updateDate>2016-03-07T13:43:23.800-07:00</updateDate>
                            <fileType>prop</fileType>
                        </localResource>
                    </resource>
                    <resource>
                        <localResource exportedWithPermissions="false"
                            dataFile="supermart_domain_en_US.properties.data" xsi:type="fileResource">
                            <folder>/public/Samples/Dashboards/3.1_Sales_Metrics_files/tmpAdv_1414700246228_atva_files/dashboardReport_files</folder>
                            <name>supermart_domain_en_US.properties</name>
                            <version>0</version>
                            <label>bundle</label>
                            <description>bundle</description>
                            <creationDate>2018-07-10T22:24:20.580-07:00</creationDate>
                            <updateDate>2016-03-07T13:43:23.800-07:00</updateDate>
                            <fileType>prop</fileType>
                        </localResource>
                    </resource>
                    <resource>
                        <localResource exportedWithPermissions="false"
                            dataFile="supermart_domain_es.properties.data" xsi:type="fileResource">
                            <folder>/public/Samples/Dashboards/3.1_Sales_Metrics_files/tmpAdv_1414700246228_atva_files/dashboardReport_files</folder>
                            <name>supermart_domain_es.properties</name>
                            <version>0</version>
                            <label>bundle</label>
                            <description>bundle</description>
                            <creationDate>2018-07-10T22:24:20.580-07:00</creationDate>
                            <updateDate>2016-03-07T13:43:23.800-07:00</updateDate>
                            <fileType>prop</fileType>
                        </localResource>
                    </resource>
                    <resource>
                        <localResource exportedWithPermissions="false"
                            dataFile="supermart_domain_fr.properties.data" xsi:type="fileResource">
                            <folder>/public/Samples/Dashboards/3.1_Sales_Metrics_files/tmpAdv_1414700246228_atva_files/dashboardReport_files</folder>
                            <name>supermart_domain_fr.properties</name>
                            <version>0</version>
                            <label>bundle</label>
                            <description>bundle</description>
                            <creationDate>2018-07-10T22:24:20.580-07:00</creationDate>
                            <updateDate>2016-03-07T13:43:23.800-07:00</updateDate>
                            <fileType>prop</fileType>
                        </localResource>
                    </resource>
                    <resource>
                        <localResource exportedWithPermissions="false"
                            dataFile="supermart_domain_ja.properties.data" xsi:type="fileResource">
                            <folder>/public/Samples/Dashboards/3.1_Sales_Metrics_files/tmpAdv_1414700246228_atva_files/dashboardReport_files</folder>
                            <name>supermart_domain_ja.properties</name>
                            <version>0</version>
                            <label>bundle</label>
                            <description>bundle</description>
                            <creationDate>2018-07-10T22:24:20.580-07:00</creationDate>
                            <updateDate>2016-03-07T13:43:23.800-07:00</updateDate>
                            <fileType>prop</fileType>
                        </localResource>
                    </resource>
                    <resource>
                        <localResource exportedWithPermissions="false"
                            dataFile="supermart_domain_zh_CN.properties.data" xsi:type="fileResource">
                            <folder>/public/Samples/Dashboards/3.1_Sales_Metrics_files/tmpAdv_1414700246228_atva_files/dashboardReport_files</folder>
                            <name>supermart_domain_zh_CN.properties</name>
                            <version>0</version>
                            <label>bundle</label>
                            <description>bundle</description>
                            <creationDate>2018-07-10T22:24:20.580-07:00</creationDate>
                            <updateDate>2016-03-07T13:43:23.800-07:00</updateDate>
                            <fileType>prop</fileType>
                        </localResource>
                    </resource>
                    <resource>
                        <localResource exportedWithPermissions="false"
                            dataFile="supermart_domain_de.properties.data" xsi:type="fileResource">
                            <folder>/public/Samples/Dashboards/3.1_Sales_Metrics_files/tmpAdv_1414700246228_atva_files/dashboardReport_files</folder>
                            <name>supermart_domain_de.properties</name>
                            <version>0</version>
                            <label>bundle</label>
                            <description>bundle</description>
                            <creationDate>2018-07-10T22:24:20.580-07:00</creationDate>
                            <updateDate>2016-03-07T13:43:23.800-07:00</updateDate>
                            <fileType>prop</fileType>
                        </localResource>
                    </resource>
                    <resource>
                        <localResource exportedWithPermissions="false"
                            dataFile="stateXML.data" xsi:type="fileResource">
                            <folder>/public/Samples/Dashboards/3.1_Sales_Metrics_files/tmpAdv_1414700246228_atva_files/dashboardReport_files</folder>
                            <name>stateXML</name>
                            <version>0</version>
                            <label>stateXML</label>
                            <creationDate>2018-07-10T22:24:20.580-07:00</creationDate>
                            <updateDate>2016-03-07T13:43:23.800-07:00</updateDate>
                            <fileType>xml</fileType>
                        </localResource>
                    </resource>
                    <alwaysPromptControls>false</alwaysPromptControls>
                    <controlsLayout>1</controlsLayout>
                </localResource>
            </reports>
            <alwaysPromptControls>false</alwaysPromptControls>
            <controlsLayout>1</controlsLayout>
        </localResource>
    </resource>
    <resource>
        <localResource
            xmlns:xsi="http://www.w3.org/2001/XMLSchema-instance"
            exportedWithPermissions="false" xsi:type="adhocDataView">
            <folder>/public/Samples/Dashboards/3.1_Sales_Metrics_files</folder>
            <name>tmpAdv_1414700464424_yxis</name>
            <version>0</version>
            <label>tmpAdv_1414700464424_yxis</label>
            <description>Dashboard visualization.</description>
            <creationDate>2018-07-10T22:24:20.580-07:00</creationDate>
            <updateDate>2016-03-07T13:43:23.800-07:00</updateDate>
            <dataSource>
                <uri>/public/Samples/Domains/supermartDomain</uri>
            </dataSource>
            <inputControl>
                <localResource exportedWithPermissions="false" xsi:type="inputControl">
                    <folder>/public/Samples/Dashboards/3.1_Sales_Metrics_files/tmpAdv_1414700464424_yxis_files</folder>
                    <name>sales__store__store_contact__store_country_1</name>
                    <version>0</version>
                    <label>$R{supermart.store.store_country.label}</label>
                    <creationDate>2018-07-10T22:24:20.580-07:00</creationDate>
                    <updateDate>2016-03-07T13:43:23.800-07:00</updateDate>
                    <type>7</type>
                    <mandatory>false</mandatory>
                    <readOnly>false</readOnly>
                    <visible>true</visible>
                    <query>
                        <localResource exportedWithPermissions="false" xsi:type="query">
                            <folder>/public/Samples/Dashboards/3.1_Sales_Metrics_files/tmpAdv_1414700464424_yxis_files/sales__store__store_contact__store_country_1_files</folder>
                            <name>sales__store__store_contact__store_country_1</name>
                            <version>0</version>
                            <label>$R{supermart.store.store_country.label}</label>
                            <creationDate>2018-07-10T22:24:20.580-07:00</creationDate>
                            <updateDate>2016-03-07T13:43:23.800-07:00</updateDate>
                            <language>domain</language>
                            <queryString>&lt;?xml version="1.0" encoding="UTF-8"?&gt;
&lt;query xmlns="http://www.jaspersoft.com/2007/SL/XMLSchema"&gt;
  &lt;groupList&gt;
    &lt;group columnName="sales_fact_ALL.sales__store.sales__store__store_contact.sales__store__store_contact__store_country" /&gt;
  &lt;/groupList&gt;
  &lt;queryFields&gt;
    &lt;queryField id="sales_fact_ALL.sales__store.sales__store__store_contact.sales__store__store_contact__store_country" /&gt;
    &lt;queryField id="store1.store_country" /&gt;
  &lt;/queryFields&gt;
&lt;/query&gt;

</queryString>
                            <dataSource>
                                <uri>/public/Samples/Domains/supermartDomain</uri>
                            </dataSource>
                        </localResource>
                    </query>
                    <queryVisibleColumn>sales_fact_ALL.sales__store.sales__store__store_contact.sales__store__store_contact__store_country</queryVisibleColumn>
                    <queryValueColumn>sales_fact_ALL.sales__store.sales__store__store_contact.sales__store__store_contact__store_country</queryValueColumn>
                </localResource>
            </inputControl>
            <resource>
                <localResource exportedWithPermissions="false"
                    dataFile="supermart_domain.properties.data" xsi:type="fileResource">
                    <folder>/public/Samples/Dashboards/3.1_Sales_Metrics_files/tmpAdv_1414700464424_yxis_files</folder>
                    <name>supermart_domain.properties</name>
                    <version>0</version>
                    <label>bundle</label>
                    <description>bundle</description>
                    <creationDate>2018-07-10T22:24:20.580-07:00</creationDate>
                    <updateDate>2016-03-07T13:43:23.800-07:00</updateDate>
                    <fileType>prop</fileType>
                </localResource>
            </resource>
            <resource>
                <localResource exportedWithPermissions="false"
                    dataFile="supermart_domain_en_US.properties.data" xsi:type="fileResource">
                    <folder>/public/Samples/Dashboards/3.1_Sales_Metrics_files/tmpAdv_1414700464424_yxis_files</folder>
                    <name>supermart_domain_en_US.properties</name>
                    <version>0</version>
                    <label>bundle</label>
                    <description>bundle</description>
                    <creationDate>2018-07-10T22:24:20.580-07:00</creationDate>
                    <updateDate>2016-03-07T13:43:23.800-07:00</updateDate>
                    <fileType>prop</fileType>
                </localResource>
            </resource>
            <resource>
                <localResource exportedWithPermissions="false"
                    dataFile="supermart_domain_es.properties.data" xsi:type="fileResource">
                    <folder>/public/Samples/Dashboards/3.1_Sales_Metrics_files/tmpAdv_1414700464424_yxis_files</folder>
                    <name>supermart_domain_es.properties</name>
                    <version>0</version>
                    <label>bundle</label>
                    <description>bundle</description>
                    <creationDate>2018-07-10T22:24:20.580-07:00</creationDate>
                    <updateDate>2016-03-07T13:43:23.800-07:00</updateDate>
                    <fileType>prop</fileType>
                </localResource>
            </resource>
            <resource>
                <localResource exportedWithPermissions="false"
                    dataFile="supermart_domain_fr.properties.data" xsi:type="fileResource">
                    <folder>/public/Samples/Dashboards/3.1_Sales_Metrics_files/tmpAdv_1414700464424_yxis_files</folder>
                    <name>supermart_domain_fr.properties</name>
                    <version>0</version>
                    <label>bundle</label>
                    <description>bundle</description>
                    <creationDate>2018-07-10T22:24:20.580-07:00</creationDate>
                    <updateDate>2016-03-07T13:43:23.800-07:00</updateDate>
                    <fileType>prop</fileType>
                </localResource>
            </resource>
            <resource>
                <localResource exportedWithPermissions="false"
                    dataFile="supermart_domain_ja.properties.data" xsi:type="fileResource">
                    <folder>/public/Samples/Dashboards/3.1_Sales_Metrics_files/tmpAdv_1414700464424_yxis_files</folder>
                    <name>supermart_domain_ja.properties</name>
                    <version>0</version>
                    <label>bundle</label>
                    <description>bundle</description>
                    <creationDate>2018-07-10T22:24:20.580-07:00</creationDate>
                    <updateDate>2016-03-07T13:43:23.800-07:00</updateDate>
                    <fileType>prop</fileType>
                </localResource>
            </resource>
            <resource>
                <localResource exportedWithPermissions="false"
                    dataFile="supermart_domain_zh_CN.properties.data" xsi:type="fileResource">
                    <folder>/public/Samples/Dashboards/3.1_Sales_Metrics_files/tmpAdv_1414700464424_yxis_files</folder>
                    <name>supermart_domain_zh_CN.properties</name>
                    <version>0</version>
                    <label>bundle</label>
                    <description>bundle</description>
                    <creationDate>2018-07-10T22:24:20.580-07:00</creationDate>
                    <updateDate>2016-03-07T13:43:23.800-07:00</updateDate>
                    <fileType>prop</fileType>
                </localResource>
            </resource>
            <resource>
                <localResource exportedWithPermissions="false"
                    dataFile="supermart_domain_de.properties.data" xsi:type="fileResource">
                    <folder>/public/Samples/Dashboards/3.1_Sales_Metrics_files/tmpAdv_1414700464424_yxis_files</folder>
                    <name>supermart_domain_de.properties</name>
                    <version>0</version>
                    <label>bundle</label>
                    <description>bundle</description>
                    <creationDate>2018-07-10T22:24:20.580-07:00</creationDate>
                    <updateDate>2016-03-07T13:43:23.800-07:00</updateDate>
                    <fileType>prop</fileType>
                </localResource>
            </resource>
            <resource>
                <localResource exportedWithPermissions="false"
                    dataFile="topicJRXML.data" xsi:type="fileResource">
                    <folder>/public/Samples/Dashboards/3.1_Sales_Metrics_files/tmpAdv_1414700464424_yxis_files</folder>
                    <name>topicJRXML</name>
                    <version>0</version>
                    <label>topicJRXML</label>
                    <creationDate>2018-07-10T22:24:20.580-07:00</creationDate>
                    <updateDate>2016-03-07T13:43:23.800-07:00</updateDate>
                    <fileType>jrxml</fileType>
                </localResource>
            </resource>
            <resource>
                <localResource exportedWithPermissions="false"
                    dataFile="stateXML.data" xsi:type="fileResource">
                    <folder>/public/Samples/Dashboards/3.1_Sales_Metrics_files/tmpAdv_1414700464424_yxis_files</folder>
                    <name>stateXML</name>
                    <version>0</version>
                    <label>stateXML</label>
                    <creationDate>2018-07-10T22:24:20.580-07:00</creationDate>
                    <updateDate>2016-03-07T13:43:23.800-07:00</updateDate>
                    <fileType>xml</fileType>
                </localResource>
            </resource>
            <reports>
                <localResource exportedWithPermissions="false" xsi:type="reportUnit">
                    <folder>/public/Samples/Dashboards/3.1_Sales_Metrics_files/tmpAdv_1414700464424_yxis_files</folder>
                    <name>dashboardReport</name>
                    <version>1</version>
                    <label>dashboardReport</label>
                    <creationDate>2018-07-10T22:24:20.580-07:00</creationDate>
                    <updateDate>2016-03-07T13:43:23.800-07:00</updateDate>
                    <mainReport>
                        <localResource exportedWithPermissions="false"
                            dataFile="mainReportJrxml.data" xsi:type="fileResource">
                            <folder>/public/Samples/Dashboards/3.1_Sales_Metrics_files/tmpAdv_1414700464424_yxis_files/dashboardReport_files</folder>
                            <name>mainReportJrxml</name>
                            <version>0</version>
                            <label>mainReportJrxml</label>
                            <creationDate>2018-07-10T22:24:20.580-07:00</creationDate>
                            <updateDate>2016-03-07T13:43:23.800-07:00</updateDate>
                            <fileType>jrxml</fileType>
                        </localResource>
                    </mainReport>
                    <resource>
                        <localResource exportedWithPermissions="false"
                            dataFile="supermart_domain.properties.data" xsi:type="fileResource">
                            <folder>/public/Samples/Dashboards/3.1_Sales_Metrics_files/tmpAdv_1414700464424_yxis_files/dashboardReport_files</folder>
                            <name>supermart_domain.properties</name>
                            <version>0</version>
                            <label>bundle</label>
                            <description>bundle</description>
                            <creationDate>2018-07-10T22:24:20.580-07:00</creationDate>
                            <updateDate>2016-03-07T13:43:23.800-07:00</updateDate>
                            <fileType>prop</fileType>
                        </localResource>
                    </resource>
                    <resource>
                        <localResource exportedWithPermissions="false"
                            dataFile="supermart_domain_en_US.properties.data" xsi:type="fileResource">
                            <folder>/public/Samples/Dashboards/3.1_Sales_Metrics_files/tmpAdv_1414700464424_yxis_files/dashboardReport_files</folder>
                            <name>supermart_domain_en_US.properties</name>
                            <version>0</version>
                            <label>bundle</label>
                            <description>bundle</description>
                            <creationDate>2018-07-10T22:24:20.580-07:00</creationDate>
                            <updateDate>2016-03-07T13:43:23.800-07:00</updateDate>
                            <fileType>prop</fileType>
                        </localResource>
                    </resource>
                    <resource>
                        <localResource exportedWithPermissions="false"
                            dataFile="supermart_domain_es.properties.data" xsi:type="fileResource">
                            <folder>/public/Samples/Dashboards/3.1_Sales_Metrics_files/tmpAdv_1414700464424_yxis_files/dashboardReport_files</folder>
                            <name>supermart_domain_es.properties</name>
                            <version>0</version>
                            <label>bundle</label>
                            <description>bundle</description>
                            <creationDate>2018-07-10T22:24:20.580-07:00</creationDate>
                            <updateDate>2016-03-07T13:43:23.800-07:00</updateDate>
                            <fileType>prop</fileType>
                        </localResource>
                    </resource>
                    <resource>
                        <localResource exportedWithPermissions="false"
                            dataFile="supermart_domain_fr.properties.data" xsi:type="fileResource">
                            <folder>/public/Samples/Dashboards/3.1_Sales_Metrics_files/tmpAdv_1414700464424_yxis_files/dashboardReport_files</folder>
                            <name>supermart_domain_fr.properties</name>
                            <version>0</version>
                            <label>bundle</label>
                            <description>bundle</description>
                            <creationDate>2018-07-10T22:24:20.580-07:00</creationDate>
                            <updateDate>2016-03-07T13:43:23.800-07:00</updateDate>
                            <fileType>prop</fileType>
                        </localResource>
                    </resource>
                    <resource>
                        <localResource exportedWithPermissions="false"
                            dataFile="supermart_domain_ja.properties.data" xsi:type="fileResource">
                            <folder>/public/Samples/Dashboards/3.1_Sales_Metrics_files/tmpAdv_1414700464424_yxis_files/dashboardReport_files</folder>
                            <name>supermart_domain_ja.properties</name>
                            <version>0</version>
                            <label>bundle</label>
                            <description>bundle</description>
                            <creationDate>2018-07-10T22:24:20.580-07:00</creationDate>
                            <updateDate>2016-03-07T13:43:23.800-07:00</updateDate>
                            <fileType>prop</fileType>
                        </localResource>
                    </resource>
                    <resource>
                        <localResource exportedWithPermissions="false"
                            dataFile="supermart_domain_zh_CN.properties.data" xsi:type="fileResource">
                            <folder>/public/Samples/Dashboards/3.1_Sales_Metrics_files/tmpAdv_1414700464424_yxis_files/dashboardReport_files</folder>
                            <name>supermart_domain_zh_CN.properties</name>
                            <version>0</version>
                            <label>bundle</label>
                            <description>bundle</description>
                            <creationDate>2018-07-10T22:24:20.580-07:00</creationDate>
                            <updateDate>2016-03-07T13:43:23.800-07:00</updateDate>
                            <fileType>prop</fileType>
                        </localResource>
                    </resource>
                    <resource>
                        <localResource exportedWithPermissions="false"
                            dataFile="supermart_domain_de.properties.data" xsi:type="fileResource">
                            <folder>/public/Samples/Dashboards/3.1_Sales_Metrics_files/tmpAdv_1414700464424_yxis_files/dashboardReport_files</folder>
                            <name>supermart_domain_de.properties</name>
                            <version>0</version>
                            <label>bundle</label>
                            <description>bundle</description>
                            <creationDate>2018-07-10T22:24:20.580-07:00</creationDate>
                            <updateDate>2016-03-07T13:43:23.800-07:00</updateDate>
                            <fileType>prop</fileType>
                        </localResource>
                    </resource>
                    <resource>
                        <localResource exportedWithPermissions="false"
                            dataFile="stateXML.data" xsi:type="fileResource">
                            <folder>/public/Samples/Dashboards/3.1_Sales_Metrics_files/tmpAdv_1414700464424_yxis_files/dashboardReport_files</folder>
                            <name>stateXML</name>
                            <version>0</version>
                            <label>stateXML</label>
                            <creationDate>2018-07-10T22:24:20.580-07:00</creationDate>
                            <updateDate>2016-03-07T13:43:23.800-07:00</updateDate>
                            <fileType>xml</fileType>
                        </localResource>
                    </resource>
                    <alwaysPromptControls>false</alwaysPromptControls>
                    <controlsLayout>1</controlsLayout>
                </localResource>
            </reports>
            <alwaysPromptControls>false</alwaysPromptControls>
            <controlsLayout>1</controlsLayout>
        </localResource>
    </resource>
    <resource>
        <localResource
            xmlns:xsi="http://www.w3.org/2001/XMLSchema-instance"
            exportedWithPermissions="false" xsi:type="adhocDataView">
            <folder>/public/Samples/Dashboards/3.1_Sales_Metrics_files</folder>
            <name>tmpAdv_1414700877058_vynk</name>
            <version>0</version>
            <label>tmpAdv_1414700877058_vynk</label>
            <description>Dashboard visualization.</description>
            <creationDate>2018-07-10T22:24:20.580-07:00</creationDate>
            <updateDate>2016-03-07T13:43:23.800-07:00</updateDate>
            <dataSource>
                <uri>/public/Samples/Domains/supermartDomain</uri>
            </dataSource>
            <inputControl>
                <localResource exportedWithPermissions="false" xsi:type="inputControl">
                    <folder>/public/Samples/Dashboards/3.1_Sales_Metrics_files/tmpAdv_1414700877058_vynk_files</folder>
                    <name>sales__store__region__sales_country_1</name>
                    <version>0</version>
                    <label>$R{supermart.region.sales_country.label}</label>
                    <creationDate>2018-07-10T22:24:20.580-07:00</creationDate>
                    <updateDate>2016-03-07T13:43:23.800-07:00</updateDate>
                    <type>7</type>
                    <mandatory>false</mandatory>
                    <readOnly>false</readOnly>
                    <visible>true</visible>
                    <query>
                        <localResource exportedWithPermissions="false" xsi:type="query">
                            <folder>/public/Samples/Dashboards/3.1_Sales_Metrics_files/tmpAdv_1414700877058_vynk_files/sales__store__region__sales_country_1_files</folder>
                            <name>sales__store__region__sales_country_1</name>
                            <version>0</version>
                            <label>$R{supermart.region.sales_country.label}</label>
                            <creationDate>2018-07-10T22:24:20.580-07:00</creationDate>
                            <updateDate>2016-03-07T13:43:23.800-07:00</updateDate>
                            <language>domain</language>
                            <queryString>&lt;?xml version="1.0" encoding="UTF-8"?&gt;
&lt;query xmlns="http://www.jaspersoft.com/2007/SL/XMLSchema"&gt;
  &lt;groupList&gt;
    &lt;group columnName="sales_fact_ALL.sales__store.sales__store__region.sales__store__region__sales_country" /&gt;
  &lt;/groupList&gt;
  &lt;queryFields&gt;
    &lt;queryField id="sales_fact_ALL.sales__store.sales__store__region.sales__store__region__sales_country" /&gt;
    &lt;queryField id="region11.sales_country" /&gt;
  &lt;/queryFields&gt;
&lt;/query&gt;

</queryString>
                            <dataSource>
                                <uri>/public/Samples/Domains/supermartDomain</uri>
                            </dataSource>
                        </localResource>
                    </query>
                    <queryVisibleColumn>sales_fact_ALL.sales__store.sales__store__region.sales__store__region__sales_country</queryVisibleColumn>
                    <queryValueColumn>sales_fact_ALL.sales__store.sales__store__region.sales__store__region__sales_country</queryValueColumn>
                </localResource>
            </inputControl>
            <resource>
                <localResource exportedWithPermissions="false"
                    dataFile="supermart_domain.properties.data" xsi:type="fileResource">
                    <folder>/public/Samples/Dashboards/3.1_Sales_Metrics_files/tmpAdv_1414700877058_vynk_files</folder>
                    <name>supermart_domain.properties</name>
                    <version>0</version>
                    <label>bundle</label>
                    <description>bundle</description>
                    <creationDate>2018-07-10T22:24:20.580-07:00</creationDate>
                    <updateDate>2016-03-07T13:43:23.800-07:00</updateDate>
                    <fileType>prop</fileType>
                </localResource>
            </resource>
            <resource>
                <localResource exportedWithPermissions="false"
                    dataFile="supermart_domain_en_US.properties.data" xsi:type="fileResource">
                    <folder>/public/Samples/Dashboards/3.1_Sales_Metrics_files/tmpAdv_1414700877058_vynk_files</folder>
                    <name>supermart_domain_en_US.properties</name>
                    <version>0</version>
                    <label>bundle</label>
                    <description>bundle</description>
                    <creationDate>2018-07-10T22:24:20.580-07:00</creationDate>
                    <updateDate>2016-03-07T13:43:23.800-07:00</updateDate>
                    <fileType>prop</fileType>
                </localResource>
            </resource>
            <resource>
                <localResource exportedWithPermissions="false"
                    dataFile="supermart_domain_es.properties.data" xsi:type="fileResource">
                    <folder>/public/Samples/Dashboards/3.1_Sales_Metrics_files/tmpAdv_1414700877058_vynk_files</folder>
                    <name>supermart_domain_es.properties</name>
                    <version>0</version>
                    <label>bundle</label>
                    <description>bundle</description>
                    <creationDate>2018-07-10T22:24:20.580-07:00</creationDate>
                    <updateDate>2016-03-07T13:43:23.800-07:00</updateDate>
                    <fileType>prop</fileType>
                </localResource>
            </resource>
            <resource>
                <localResource exportedWithPermissions="false"
                    dataFile="supermart_domain_fr.properties.data" xsi:type="fileResource">
                    <folder>/public/Samples/Dashboards/3.1_Sales_Metrics_files/tmpAdv_1414700877058_vynk_files</folder>
                    <name>supermart_domain_fr.properties</name>
                    <version>0</version>
                    <label>bundle</label>
                    <description>bundle</description>
                    <creationDate>2018-07-10T22:24:20.580-07:00</creationDate>
                    <updateDate>2016-03-07T13:43:23.800-07:00</updateDate>
                    <fileType>prop</fileType>
                </localResource>
            </resource>
            <resource>
                <localResource exportedWithPermissions="false"
                    dataFile="supermart_domain_ja.properties.data" xsi:type="fileResource">
                    <folder>/public/Samples/Dashboards/3.1_Sales_Metrics_files/tmpAdv_1414700877058_vynk_files</folder>
                    <name>supermart_domain_ja.properties</name>
                    <version>0</version>
                    <label>bundle</label>
                    <description>bundle</description>
                    <creationDate>2018-07-10T22:24:20.580-07:00</creationDate>
                    <updateDate>2016-03-07T13:43:23.800-07:00</updateDate>
                    <fileType>prop</fileType>
                </localResource>
            </resource>
            <resource>
                <localResource exportedWithPermissions="false"
                    dataFile="supermart_domain_zh_CN.properties.data" xsi:type="fileResource">
                    <folder>/public/Samples/Dashboards/3.1_Sales_Metrics_files/tmpAdv_1414700877058_vynk_files</folder>
                    <name>supermart_domain_zh_CN.properties</name>
                    <version>0</version>
                    <label>bundle</label>
                    <description>bundle</description>
                    <creationDate>2018-07-10T22:24:20.580-07:00</creationDate>
                    <updateDate>2016-03-07T13:43:23.800-07:00</updateDate>
                    <fileType>prop</fileType>
                </localResource>
            </resource>
            <resource>
                <localResource exportedWithPermissions="false"
                    dataFile="supermart_domain_de.properties.data" xsi:type="fileResource">
                    <folder>/public/Samples/Dashboards/3.1_Sales_Metrics_files/tmpAdv_1414700877058_vynk_files</folder>
                    <name>supermart_domain_de.properties</name>
                    <version>0</version>
                    <label>bundle</label>
                    <description>bundle</description>
                    <creationDate>2018-07-10T22:24:20.580-07:00</creationDate>
                    <updateDate>2016-03-07T13:43:23.800-07:00</updateDate>
                    <fileType>prop</fileType>
                </localResource>
            </resource>
            <resource>
                <localResource exportedWithPermissions="false"
                    dataFile="topicJRXML.data" xsi:type="fileResource">
                    <folder>/public/Samples/Dashboards/3.1_Sales_Metrics_files/tmpAdv_1414700877058_vynk_files</folder>
                    <name>topicJRXML</name>
                    <version>0</version>
                    <label>topicJRXML</label>
                    <creationDate>2018-07-10T22:24:20.580-07:00</creationDate>
                    <updateDate>2016-03-07T13:43:23.800-07:00</updateDate>
                    <fileType>jrxml</fileType>
                </localResource>
            </resource>
            <resource>
                <localResource exportedWithPermissions="false"
                    dataFile="stateXML.data" xsi:type="fileResource">
                    <folder>/public/Samples/Dashboards/3.1_Sales_Metrics_files/tmpAdv_1414700877058_vynk_files</folder>
                    <name>stateXML</name>
                    <version>0</version>
                    <label>stateXML</label>
                    <creationDate>2018-07-10T22:24:20.580-07:00</creationDate>
                    <updateDate>2016-03-07T13:43:23.800-07:00</updateDate>
                    <fileType>xml</fileType>
                </localResource>
            </resource>
            <reports>
                <localResource exportedWithPermissions="false" xsi:type="reportUnit">
                    <folder>/public/Samples/Dashboards/3.1_Sales_Metrics_files/tmpAdv_1414700877058_vynk_files</folder>
                    <name>dashboardReport</name>
                    <version>1</version>
                    <label>dashboardReport</label>
                    <creationDate>2018-07-10T22:24:20.580-07:00</creationDate>
                    <updateDate>2016-03-07T13:43:23.800-07:00</updateDate>
                    <mainReport>
                        <localResource exportedWithPermissions="false"
                            dataFile="mainReportJrxml.data" xsi:type="fileResource">
                            <folder>/public/Samples/Dashboards/3.1_Sales_Metrics_files/tmpAdv_1414700877058_vynk_files/dashboardReport_files</folder>
                            <name>mainReportJrxml</name>
                            <version>0</version>
                            <label>mainReportJrxml</label>
                            <creationDate>2018-07-10T22:24:20.580-07:00</creationDate>
                            <updateDate>2016-03-07T13:43:23.800-07:00</updateDate>
                            <fileType>jrxml</fileType>
                        </localResource>
                    </mainReport>
                    <resource>
                        <localResource exportedWithPermissions="false"
                            dataFile="supermart_domain.properties.data" xsi:type="fileResource">
                            <folder>/public/Samples/Dashboards/3.1_Sales_Metrics_files/tmpAdv_1414700877058_vynk_files/dashboardReport_files</folder>
                            <name>supermart_domain.properties</name>
                            <version>0</version>
                            <label>bundle</label>
                            <description>bundle</description>
                            <creationDate>2018-07-10T22:24:20.580-07:00</creationDate>
                            <updateDate>2016-03-07T13:43:23.800-07:00</updateDate>
                            <fileType>prop</fileType>
                        </localResource>
                    </resource>
                    <resource>
                        <localResource exportedWithPermissions="false"
                            dataFile="supermart_domain_en_US.properties.data" xsi:type="fileResource">
                            <folder>/public/Samples/Dashboards/3.1_Sales_Metrics_files/tmpAdv_1414700877058_vynk_files/dashboardReport_files</folder>
                            <name>supermart_domain_en_US.properties</name>
                            <version>0</version>
                            <label>bundle</label>
                            <description>bundle</description>
                            <creationDate>2018-07-10T22:24:20.580-07:00</creationDate>
                            <updateDate>2016-03-07T13:43:23.800-07:00</updateDate>
                            <fileType>prop</fileType>
                        </localResource>
                    </resource>
                    <resource>
                        <localResource exportedWithPermissions="false"
                            dataFile="supermart_domain_es.properties.data" xsi:type="fileResource">
                            <folder>/public/Samples/Dashboards/3.1_Sales_Metrics_files/tmpAdv_1414700877058_vynk_files/dashboardReport_files</folder>
                            <name>supermart_domain_es.properties</name>
                            <version>0</version>
                            <label>bundle</label>
                            <description>bundle</description>
                            <creationDate>2018-07-10T22:24:20.580-07:00</creationDate>
                            <updateDate>2016-03-07T13:43:23.800-07:00</updateDate>
                            <fileType>prop</fileType>
                        </localResource>
                    </resource>
                    <resource>
                        <localResource exportedWithPermissions="false"
                            dataFile="supermart_domain_fr.properties.data" xsi:type="fileResource">
                            <folder>/public/Samples/Dashboards/3.1_Sales_Metrics_files/tmpAdv_1414700877058_vynk_files/dashboardReport_files</folder>
                            <name>supermart_domain_fr.properties</name>
                            <version>0</version>
                            <label>bundle</label>
                            <description>bundle</description>
                            <creationDate>2018-07-10T22:24:20.580-07:00</creationDate>
                            <updateDate>2016-03-07T13:43:23.800-07:00</updateDate>
                            <fileType>prop</fileType>
                        </localResource>
                    </resource>
                    <resource>
                        <localResource exportedWithPermissions="false"
                            dataFile="supermart_domain_ja.properties.data" xsi:type="fileResource">
                            <folder>/public/Samples/Dashboards/3.1_Sales_Metrics_files/tmpAdv_1414700877058_vynk_files/dashboardReport_files</folder>
                            <name>supermart_domain_ja.properties</name>
                            <version>0</version>
                            <label>bundle</label>
                            <description>bundle</description>
                            <creationDate>2018-07-10T22:24:20.580-07:00</creationDate>
                            <updateDate>2016-03-07T13:43:23.800-07:00</updateDate>
                            <fileType>prop</fileType>
                        </localResource>
                    </resource>
                    <resource>
                        <localResource exportedWithPermissions="false"
                            dataFile="supermart_domain_zh_CN.properties.data" xsi:type="fileResource">
                            <folder>/public/Samples/Dashboards/3.1_Sales_Metrics_files/tmpAdv_1414700877058_vynk_files/dashboardReport_files</folder>
                            <name>supermart_domain_zh_CN.properties</name>
                            <version>0</version>
                            <label>bundle</label>
                            <description>bundle</description>
                            <creationDate>2018-07-10T22:24:20.580-07:00</creationDate>
                            <updateDate>2016-03-07T13:43:23.800-07:00</updateDate>
                            <fileType>prop</fileType>
                        </localResource>
                    </resource>
                    <resource>
                        <localResource exportedWithPermissions="false"
                            dataFile="supermart_domain_de.properties.data" xsi:type="fileResource">
                            <folder>/public/Samples/Dashboards/3.1_Sales_Metrics_files/tmpAdv_1414700877058_vynk_files/dashboardReport_files</folder>
                            <name>supermart_domain_de.properties</name>
                            <version>0</version>
                            <label>bundle</label>
                            <description>bundle</description>
                            <creationDate>2018-07-10T22:24:20.580-07:00</creationDate>
                            <updateDate>2016-03-07T13:43:23.800-07:00</updateDate>
                            <fileType>prop</fileType>
                        </localResource>
                    </resource>
                    <resource>
                        <localResource exportedWithPermissions="false"
                            dataFile="stateXML.data" xsi:type="fileResource">
                            <folder>/public/Samples/Dashboards/3.1_Sales_Metrics_files/tmpAdv_1414700877058_vynk_files/dashboardReport_files</folder>
                            <name>stateXML</name>
                            <version>0</version>
                            <label>stateXML</label>
                            <creationDate>2018-07-10T22:24:20.580-07:00</creationDate>
                            <updateDate>2016-03-07T13:43:23.800-07:00</updateDate>
                            <fileType>xml</fileType>
                        </localResource>
                    </resource>
                    <alwaysPromptControls>false</alwaysPromptControls>
                    <controlsLayout>1</controlsLayout>
                </localResource>
            </reports>
            <alwaysPromptControls>false</alwaysPromptControls>
            <controlsLayout>1</controlsLayout>
        </localResource>
    </resource>
    <resource>
        <localResource
            xmlns:xsi="http://www.w3.org/2001/XMLSchema-instance"
            exportedWithPermissions="false" xsi:type="adhocDataView">
            <folder>/public/Samples/Dashboards/3.1_Sales_Metrics_files</folder>
            <name>tmpAdv_1429561443221_labg</name>
            <version>0</version>
            <label>tmpAdv_1429561443221_labg</label>
            <description>Dashboard visualization.</description>
            <creationDate>2018-07-10T22:24:20.580-07:00</creationDate>
            <updateDate>2016-03-07T13:43:23.800-07:00</updateDate>
            <dataSource>
                <uri>/public/Samples/Data_Sources/FoodmartDataSourceJNDI</uri>
            </dataSource>
            <resource>
                <localResource exportedWithPermissions="false"
                    dataFile="topicJRXML.data" xsi:type="fileResource">
                    <folder>/public/Samples/Dashboards/3.1_Sales_Metrics_files/tmpAdv_1429561443221_labg_files</folder>
                    <name>topicJRXML</name>
                    <version>0</version>
                    <label>topicJRXML</label>
                    <creationDate>2018-07-10T22:24:20.580-07:00</creationDate>
                    <updateDate>2016-03-07T13:43:23.800-07:00</updateDate>
                    <fileType>jrxml</fileType>
                </localResource>
            </resource>
            <resource>
                <localResource exportedWithPermissions="false"
                    dataFile="stateXML.data" xsi:type="fileResource">
                    <folder>/public/Samples/Dashboards/3.1_Sales_Metrics_files/tmpAdv_1429561443221_labg_files</folder>
                    <name>stateXML</name>
                    <version>0</version>
                    <label>stateXML</label>
                    <creationDate>2018-07-10T22:24:20.580-07:00</creationDate>
                    <updateDate>2016-03-07T13:43:23.800-07:00</updateDate>
                    <fileType>xml</fileType>
                </localResource>
            </resource>
            <reports>
                <localResource exportedWithPermissions="false" xsi:type="reportUnit">
                    <folder>/public/Samples/Dashboards/3.1_Sales_Metrics_files/tmpAdv_1429561443221_labg_files</folder>
                    <name>dashboardReport</name>
                    <version>1</version>
                    <label>dashboardReport</label>
                    <creationDate>2018-07-10T22:24:20.580-07:00</creationDate>
                    <updateDate>2016-03-07T13:43:23.800-07:00</updateDate>
                    <mainReport>
                        <localResource exportedWithPermissions="false"
                            dataFile="mainReportJrxml.data" xsi:type="fileResource">
                            <folder>/public/Samples/Dashboards/3.1_Sales_Metrics_files/tmpAdv_1429561443221_labg_files/dashboardReport_files</folder>
                            <name>mainReportJrxml</name>
                            <version>0</version>
                            <label>mainReportJrxml</label>
                            <creationDate>2018-07-10T22:24:20.580-07:00</creationDate>
                            <updateDate>2016-03-07T13:43:23.800-07:00</updateDate>
                            <fileType>jrxml</fileType>
                        </localResource>
                    </mainReport>
                    <resource>
                        <localResource exportedWithPermissions="false"
                            dataFile="stateXML.data" xsi:type="fileResource">
                            <folder>/public/Samples/Dashboards/3.1_Sales_Metrics_files/tmpAdv_1429561443221_labg_files/dashboardReport_files</folder>
                            <name>stateXML</name>
                            <version>0</version>
                            <label>stateXML</label>
                            <creationDate>2018-07-10T22:24:20.580-07:00</creationDate>
                            <updateDate>2016-03-07T13:43:23.800-07:00</updateDate>
                            <fileType>xml</fileType>
                        </localResource>
                    </resource>
                    <alwaysPromptControls>false</alwaysPromptControls>
                    <controlsLayout>1</controlsLayout>
                </localResource>
            </reports>
            <alwaysPromptControls>false</alwaysPromptControls>
            <controlsLayout>1</controlsLayout>
        </localResource>
    </resource>
</dashboardModelResource>
