<?xml version="1.0" encoding="UTF-8"?>
<fileResource exportedWithPermissions="true" dataFile="ui-bg_glass_95_fef1ec_1x400.png.data">
    <folder>/organizations/organization_1/themes/default/jquery-ui/images</folder>
    <name>ui-bg_glass_95_fef1ec_1x400.png</name>
    <version>0</version>
    <label>ui-bg_glass_95_fef1ec_1x400.png</label>
    <creationDate>2018-07-10T22:23:45.352-07:00</creationDate>
    <updateDate>2018-07-10T22:23:45.352-07:00</updateDate>
    <fileType>img</fileType>
</fileResource>
