<?xml version="1.0" encoding="UTF-8"?>
<semanticLayerDataSource exportedWithPermissions="true">
    <folder>/organizations/organization_1/Domains</folder>
    <name>virtualDSDomain</name>
    <version>1</version>
    <label>Virtual DS Domain</label>
    <description>Example of combining SugarCRM and Foodmart in Domain</description>
    <creationDate>2019-11-27T12:28:05.520-07:00</creationDate>
    <updateDate>2019-11-27T12:28:05.549-07:00</updateDate>
    <schema>
        <localResource
            xmlns:xsi="http://www.w3.org/2001/XMLSchema-instance"
            exportedWithPermissions="false"
            dataFile="virtualDSDomain_schema.data" xsi:type="fileResource">
            <folder>/organizations/organization_1/Domains/virtualDSDomain_files</folder>
            <name>virtualDSDomain_schema</name>
            <version>0</version>
            <label>virtualDSDomain_schema</label>
            <description>virtualDSDomain_schema</description>
            <creationDate>2019-11-27T12:28:05.520-07:00</creationDate>
            <updateDate>2019-11-27T12:28:05.520-07:00</updateDate>
            <fileType>xml</fileType>
        </localResource>
    </schema>
    <dataSource>
        <alias>SugarFoodmartVDS</alias>
        <dataSourceReference>
            <uri>/organizations/organization_1/datasources/SugarFoodmartVDS</uri>
        </dataSourceReference>
    </dataSource>
</semanticLayerDataSource>
