<?xml version="1.0" encoding="UTF-8"?>
<fileResource exportedWithPermissions="true" dataFile="chart_options_icon_sprite@1x.png.data">
    <folder>/organizations/organization_1/themes/default/images</folder>
    <name>chart_options_icon_sprite@1x.png</name>
    <version>0</version>
    <label>chart_options_icon_sprite@1x.png</label>
    <creationDate>2019-11-27T12:27:40.302-07:00</creationDate>
    <updateDate>2019-11-27T12:27:40.302-07:00</updateDate>
    <fileType>img</fileType>
</fileResource>
